-1.566823120117192,34.27027069091797,-6.772796325683601,-3.1935330200195295,-20.04629638671875,-11.212315063476552,-0.21533966064453125,-122.03902069091797,-17.910099182128903,-10.349999999999994,3.670868530273438,-2.4419525146484347,2.869821777343752,-20.28172119140625,-10.677509155273441,-3.3900000000000006,-11.86557861328125,66.55575073242187,42.266085815429676,2.958849639892577,-5.793850250244141,-2.610567016601564,-6.794497070312502,0.2600033569335949,-149.08692626953126,53.12,-0.3063191223144557,4.585164794921866,-4.0685986328124955,27.180000000000007,2.7259318542480457,-10.882479553222657,4.396730499267576,10.431181335449224,-7.595357055664067,3.8997102355957054,-8.077599639892577,17.290000000000006,-5.036489257812498,19.17995422363282,-4.386748962402351,-4.444938659667969,3.7641033935546773,-2.4400506591796898,1.0525775146484335,0.29999999999999716,-7.300001220703123,-2.637209777832034,2.161506347656257,15.800003356933587,28.99000000000001,-1.9295681762695267,-3.4224194335937455,-3.9714093017578165,-38.91270950317383,-82.2993312072754,-0.04000000000000625,0.5038430786132864,0.8390206909179625,-11.19986267089844,-0.9599999999999937,2.0999999999999943,-8.630000000000003,-13.913558654785163,2.6792892456054673,0.1488198852539,-166.2200134277344,-4.977948608398435,3.910391235351568,-3.538220214843747,-0.00013000000035390258,-97.31015258789063,-11.619999999999997,-0.28000000000000114,-0.32225463867186477,-104.43424072265626,4.601080322265631,49.36853240966798,13.995000915527342,3.5736093139648375,-2.8681066894531284,37.06686065673827,-4.51296813964845,-12.489461669921866,-166.26303039550783,-5.960004272460935,-5.595270385742197,-5.947738342285163,-7.62939453125e-5,0.1816513061523466,-21.514551696777342,869.2692065429687,22.239999999999995,0.0,-3.269999999999996,-9.844303283691403,0.4089410400390605,15.76641021728517,-4.452503662109379,-3.102582702636724
-4.779690856933598,35.74170051574707,-0.9006726074218818,-1.931158142089842,-23.503846435546876,36.11288787841798,7.521636962890625,-122.15969100952148,-17.910068664550778,-6.054612731933588,-6.600051269531249,-0.5499999999999972,0.5496885681152364,-36.37396057128906,-18.078906860351566,-3.4000021362304693,-16.483548126220704,6.7993725585937455,35.697116088867176,2.7751490783691395,-5.78923828125,-1.8072222900390642,7.731442871093748,0.7783291625976574,-37.24122314453125,53.12,-7.47800720214844,-23.43177246093751,-3.577746276855464,22.90615814208985,3.0928904724121082,1.793870086669921,6.127668457031248,10.260000610351568,-9.765751953125005,-1.8610700988769509,-2.808170433044433,0.535841979980475,-4.858651885986326,19.180000000000007,-21.844215087890632,-8.825469970703125,40.57364318847655,-2.4261880493164085,5.62695648193359,0.29999999999999716,3.631402893066408,-4.609591369628909,1.3110272216796943,14.756042785644524,6.059290161132822,0.8699771118164108,-4.9550427246093705,1.2721514892578085,-45.487298278808595,-91.536658782959,-1.1279287719726625,0.49609161376953637,1.0551232910156187,-21.028582763671878,-6.074120483398431,2.0999999999999943,-8.630000000000003,-14.164169006347663,-3.73256072998047,-2.1555776977539125,116.29249877929686,-4.7235922241210915,-2.6000991821289006,12.460002136230472,-0.00014000000373926014,-69.31006103515625,-11.619999999999997,-0.28000000000000114,-0.26924560546873977,-121.57852783203126,-7.332948303222651,50.35730957031251,21.773180084228514,3.5742120361328062,-1.194202270507816,-268.1399951171875,16.419999999999987,-66.47997070312499,-166.64447723388673,-5.960004272460935,-19.240045776367197,-199.93,-7.62939453125e-5,-7.349388885498044,-26.998159942626952,-172.68703887939452,24.281179656982417,0.0,-3.269999999999996,-1.2803384399414028,2.209939727783201,-13.457916870117174,-1.0513729858398477,-6.104902038574224
-5.299946899414067,39.20967041015625,-1.5419613647461006,-5.583356933593748,-166.08523681640625,28.437198181152354,3.7325668334960938,-125.12179962158203,-3.3178292846679653,-10.349999999999994,-12.425422058105468,-0.5499999999999972,2.397470703125002,-36.602201538085936,-17.32636627197266,-3.3900000000000006,-16.712021789550782,59.88534057617187,41.99925537109374,3.073189468383788,-10.32,28.021551208496092,2.0820516967773415,0.7507489013671886,-0.21358947753905966,53.12,-5.424593811035159,-8.990000000000009,-1.3802136230468705,15.886466674804694,-0.12349060058593864,56.313840026855466,4.670469360351561,9.905470275878912,-20.81315338134766,-2.649480285644529,-1.7383099746704094,17.290000000000006,-7.586782226562498,12.836829833984382,-25.189384155273444,-4.606960296630859,38.188648681640615,6.939999999999998,6.863116760253902,0.29999999999999716,5.833238525390627,-5.281313781738284,1.2398068237304756,1.3199999999999932,-126.36998535156249,-0.8700817871093705,-5.3003796386718705,-7.3867230224609415,-47.04074981689453,-98.78191711425782,-2.3459387207031313,12.60365844726563,5.8678903198242125,-9.356768798828128,-6.998528442382806,1.2468505859374943,-8.630000000000003,-15.10738342285157,-0.5542312622070327,-3.689772644042975,97.97494812011718,-5.0284323120117165,-4.672341918945307,32.03375930786133,-34.80781173706055,-69.31009155273438,-0.9377185058593724,-7.260003356933595,-7.47999999999999,-117.66150512695313,-7.347123718261713,50.1829168701172,22.30528076171875,-5.7850180053711,0.9099999999999966,-137.57999755859376,19.281816406249987,-115.63942504882812,-169.80040679931642,17.330629882812502,-0.2264807128906341,-10.224036865234382,1.4891586303710938,-10.350270080566403,-23.67000061035156,869.2681079101562,26.26394866943359,-1.4618377685546875,-3.269999999999996,-0.18751922607421534,2.49460006713867,14.329726562500014,9.019938964843746,-1.3672692871093801
-8.74094879150391,46.16878019332886,-2.573127441406257,-5.632543640136717,-160.31680419921875,-18.45906494140624,2.6142120361328125,-93.37377944946289,-0.10494628906249659,-10.349999999999994,-14.791312561035156,-0.5499999999999972,3.2485716247558614,-33.35980041503906,-11.284259643554691,-3.3899084472656256,-16.928311309814454,57.996508483886714,43.79217834472655,2.225979537963866,-10.32,26.35076721191406,15.439946594238279,0.31929138183593864,-3.598461914062497,53.12,-5.903277282714846,2.016134033203116,-19.99197662353515,27.180000000000007,2.58511993408203,127.38136016845704,14.424329833984373,10.260000610351568,-56.642583007812505,-5.873658599853513,121.7224072265625,16.40000061035157,-7.8377130126953105,15.563026123046882,-40.680045776367194,-2.92755126953125,39.40584991455077,1.313847961425779,10.996821899414059,0.29999999999999716,13.420000000000002,-5.459658508300784,3.7300030517578193,-4.415183715820319,-25.85501647949218,-1.4300564575195267,-6.1693981933593705,1.3195376586914023,-47.718289642333986,-98.17621185302735,-1.7199011230468813,14.237180480957036,2.9870004272460875,-10.887698364257815,-14.531212768554681,-2.988539123535162,-7.703600769042971,-13.720626525878913,-5.635411834716798,-8.632872619628913,75.90413208007811,2.4826684570312523,-2.6000991821289006,31.629809570312503,-34.19731140136719,-69.31,-3.2108088684082006,-9.726311950683595,-7.480015258789052,-64.9,-8.785348510742182,0.5950109863281341,19.26400955200195,1.7455987548828062,0.9099999999999966,-50.05407287597657,36.743280334472644,5.739954223632822,-170.6058190917969,35.64483123779297,4.884412536621085,-199.93,0.0,-9.630360412597653,-19.48964172363281,-168.77603958129882,27.009458770751948,-6.83917236328125,-51.25994445800781,2.6460188293457065,2.6530892944335918,16.563880310058607,9.019938964843746,-1.4746987915039114
-8.123952026367192,41.855450019836425,-3.9872128295898506,-6.583128051757811,-182.28006103515625,-114.43031738281249,-174.53762817382812,-124.08554092407226,0.7754934692382847,-8.9932876586914,-17.87441192626953,-5.111180114746091,-0.6922090148925761,-31.49242218017578,-16.207790222167972,-3.004639282226563,-16.680901489257813,59.49757659912109,37.92999572753905,15.592329711914061,-10.32,27.539953308105467,14.93073791503906,-1.4836337280273426,-3.589337158203122,53.12,-8.132906799316409,-32.41988586425782,-39.05121887207031,24.680000000000007,-3.434876708984376,126.60905944824219,28.37158020019531,14.71961059570313,-33.67779266357422,-6.166051330566404,136.6269482421875,17.290000000000006,-8.338666687011717,-118.39659912109374,-86.32167785644532,12.830080032348633,41.479977111816396,6.939999999999998,16.01316024780273,0.29999999999999716,9.816118164062502,-5.400011901855471,-0.02200347900389943,-12.680000000000007,-140.07539916992187,-2.004069213867183,-8.569132690429683,1.3234210205078085,-49.280579833984376,-96.31534149169923,-0.8241567993164125,19.281553039550786,-1.0500784301757875,-14.200000000000003,-16.122651062011712,-3.4755920410156307,-7.794569854736331,-13.430000000000007,-3.877938842773439,-12.129233398437506,-69.93711547851564,7.04530960083008,-2.6000991821289006,39.227420043945315,-34.2734489440918,-28.119997558593752,-0.9595118713378881,-11.59517791748047,0.04452087402344773,17.53136596679687,-7.963807678222651,-59.32982421874999,11.363416748046873,3.9397973632812437,8.69975677490234,-37.728465576171885,26.921678466796862,-44.50205017089843,-176.66000305175783,25.102251586914065,41.3100030517578,-28.61995666503907,0.0,-10.652020263671872,-38.88147216796875,869.2679248046875,14.590341796874995,-2.6294784545898438,-51.61608459472656,2.053798522949222,2.9179513549804668,0.5152886962890761,14.776843566894527,0.7399999999999949
1.3134106445312455,41.18649040222168,-2.6103131103515693,-7.8348294067382795,-345.2742932128906,-39.03186462402343,-150.7100067138672,-104.19834915161132,1.1924169921875034,-17.85003051757812,-15.21479736328125,-0.5499999999999972,-1.0555589294433574,-30.13908203125,-19.05530151367188,-3.3900000000000006,-13.191918334960938,59.87073791503906,43.72911376953124,16.458019943237304,-10.32,27.53997619628906,10.065518798828123,-4.217978210449218,-2.433911132812497,53.11991989135742,8.767609710693357,6.491216430664053,-45.844904785156245,24.680000000000007,-1.7141506958007824,118.44173919677735,31.880540924072264,14.917097473144537,-32.0834017944336,-13.315308990478513,133.8460415649414,17.290000000000006,-7.790509948730467,-78.04299194335937,-24.525916748046882,24.059840202331543,41.479977111816396,-11.251001892089846,15.280959625244137,0.29999999999999716,30.689309997558595,-8.130007629394534,7.784713439941413,-5.844672851562507,-126.36998535156249,0.8699771118164108,-7.052752380371089,-9.131687622070316,-55.172410278320314,-111.52000000000001,-8.321036376953131,14.237180480957036,-0.7315130615234438,-11.122821044921878,-16.959999999999994,-10.3194564819336,-7.38077819824219,-0.4300000000000068,-8.10210189819336,-11.516531982421881,6.741763305664051,6.011171875000002,-2.6000991821289006,44.98165054321289,-38.95289993286133,65.69,0.2863301086425807,-9.892380981445314,-5.97999999999999,-64.9,-8.011262512207026,-61.979512939453116,22.879999237060545,3.9458322143554625,12.128879699707028,-38.589305419921885,29.609147949218737,-40.62427307128905,-169.7675622558594,23.98778015136719,41.3100030517578,-3.569076232910163,0.0,-10.005631256103513,30.279999914169313,-167.66682861328124,-3.6441705322265676,-14.000038146972656,-41.87000610351562,1.6301611328125034,2.3693597412109355,-4.792893066406236,13.923572082519527,-1.5353829956054739
1.858622436523433,48.90831004142761,-8.059142761230476,-23.060003356933592,-358.68841674804685,-111.73006103515624,-173.32699584960938,-98.099208984375,3.377551879882816,-10.912080383300776,-16.499266967773437,-0.5499999999999972,0.7365782165527364,-3.0218411254882795,-22.01941284179688,-3.3900000000000006,-16.41553970336914,53.20743835449218,37.599993896484364,25.72,-7.017250366210938,31.58,10.640752258300779,-12.969999999999999,-4.77633361816406,-13.004370574951173,8.733838195800779,-1.0844671630859466,-41.42716491699218,27.180000000000007,-1.7210171508789074,25.769979591369626,32.7442894744873,16.109999084472662,-13.038937683105473,-8.948049011230466,117.44288146972656,17.290000000000006,-5.769880065917967,-14.610542602539056,-40.680045776367194,12.83745002746582,-162.103251953125,5.800786437988279,10.44425155639648,0.29999999999999716,25.93878356933594,-6.434992675781253,7.578628234863288,-5.777381591796882,-6.145772705078116,-1.9867810058593705,-10.200922851562495,-28.230022888183598,-80.28,-108.55492736816407,-6.857520141601569,14.237180480957036,-1.5162573242187563,-11.415950012207034,-16.959999999999994,-10.452009582519537,-7.04075134277344,-0.4300000000000068,-8.951558685302736,-11.516982116699225,66.39955444335936,8.132090148925784,-2.6000991821289006,38.960139465332034,-33.95859909057617,65.68995422363281,-1.3725100708007787,-7.260003356933595,-26.704517822265615,-64.9,-8.730538940429682,-60.489217529296866,17.978666381835936,4.330086669921869,8.454357299804684,-50.2896990966797,28.293153686523425,-25.95932556152343,-164.1931985473633,39.860003051757815,40.593282470703116,-7.170196228027351,0.0,-11.57870178222656,-26.62351852416992,-176.4870915222168,-5.135663757324224,-14.000038146972656,-45.27999450683593,0.042869415283206536,-2.4933493041992207,-1.2163702392577989,7.802463073730465,-1.5204675292968801
-6.3296862792968795,1052.3592065429686,-8.041740112304694,-13.720380859374998,-347.221650390625,-65.61842773437499,-128.75137329101562,-84.89999977111816,3.3896520996093784,-20.475251770019526,-14.81539093017578,-15.663517761230466,0.24693130493164261,-22.740972595214842,-22.19118103027344,-12.261627807617188,-16.605881652832032,68.4074429321289,37.92999572753905,16.62106964111328,-10.32,31.58,10.967572631835935,-12.969999999999999,-3.532810974121091,-15.68014991760254,9.47408020019531,-0.2102758789062591,-38.940363769531245,27.180000000000007,-1.1446011352539074,13.939010019302367,23.246000366210936,20.814283752441412,-12.588322753906255,-2.7209982299804665,159.18999755859375,17.290000000000006,-5.261758575439451,19.180000000000007,-98.09502380371094,24.086939811706543,29.70997283935546,-2.286066589355471,9.484389801025387,0.29999999999999716,24.660020751953127,-7.428469543457034,8.470809631347663,-5.541541748046882,-32.42992187499999,0.8699771118164108,-12.879999999999995,-14.229961853027348,-80.28,-111.50999786376954,-1.1366567993164125,20.325658569335943,0.7598199462890562,-13.337641906738284,-16.959999999999994,-10.864111328125006,-7.616831665039065,-15.9132992553711,-7.593038177490236,-14.324156799316413,53.221591186523426,7.450239715576174,-2.6000991821289006,36.508879852294925,-33.64775085449219,65.69,-1.3480998229980443,-7.260003356933595,-17.150272827148427,8.329843139648432,3.003309631347662,-59.589071044921866,5.579999999999998,3.9462976074218687,8.575847778320309,-48.00799133300782,34.83744995117186,-6.259984741210928,-169.34423004150392,30.83165222167969,27.778257141113272,-7.534751586914069,0.0,-11.071118164062497,1027.1883520507813,-176.9300617980957,-26.68556762695313,-10.161582946777344,4.113857727050785,-0.14550033569335596,-6.14864944458008,-37.2206427001953,9.019938964843746,0.5693991088867136
1.8701733398437455,1052.3592065429686,-3.7611080932617256,-13.848737792968748,-343.7393811035156,-77.2471661376953,-176.91055297851562,-62.820000085830685,2.956752624511722,-17.85003051757812,0.35784973144531307,-0.5499999999999972,-0.34029937744140426,-1.9291821289062483,-20.92016967773438,-13.092621459960938,-13.043221435546876,70.43250930786132,37.599993896484364,25.72,-10.32,31.58,10.967572631835935,-12.969999999999999,-4.977047729492185,-62.819888000488284,-6.177790527343753,1.1064813232421784,-28.401499633789058,27.180000000000007,0.4510714721679676,1013.1191455078125,55.83,28.375898742675787,-9.409901733398442,-5.199540557861326,516.9800061035156,16.970000305175788,-5.820520172119139,-92.0545733642578,-96.33231323242188,24.32273006439209,45.40205810546874,6.939999999999998,8.339301605224605,-134.70999450683593,24.45624725341797,-14.218203430175784,9.259200744628913,-5.483840637207038,-16.32249999999999,0.8699771118164108,-12.879999999999995,-8.047382812500004,-57.112088470458986,-114.48756744384767,-3.7093801879882875,-0.7200033569335886,-1.7900000000000063,-11.929858398437503,-16.96003051757812,-10.864111328125006,-7.685301666259768,-15.910209350585944,-14.428880310058595,-14.661643066406256,66.63754577636718,7.0690103149414085,-2.6000991821289006,33.15249176025391,-33.19738006591797,65.68995422363281,-0.9485789489746068,-0.28000000000000114,-7.480015258789052,-35.04382934570313,-2.278489685058588,-59.52556396484374,19.0539990234375,3.9549188232421812,7.741161499023434,-50.79862548828126,24.593583984374987,5.739954223632822,-169.33734832763673,22.030787048339846,39.361226806640616,-0.07729309082031932,0.0,-18.124142456054685,1027.1883520507813,-173.28485916137694,-152.71620727539062,-4.2589874267578125,-4.790362854003902,-0.717399749755856,-6.69943069458008,-43.120026245117174,14.275119323730465,-2.3315408325195364
-8.670193786621098,1052.3593286132811,-3.165298156738288,-14.95506866455078,-453.28,-137.2115673828125,-112.31573486328125,934.0879858398438,2.960162963867191,-17.85003051757812,-14.091307983398437,-0.5499999999999972,0.5490896606445332,-11.330022888183592,-19.382922973632816,-34.38676513671875,-13.142769775390626,65.32354248046875,37.92999572753905,25.72,-7.7510379028320315,31.58,10.95875305175781,-17.075323791503905,-26.67226867675781,53.11996948242187,5.154320831298826,-8.990000000000009,-26.515490417480464,32.704520874023444,0.8885485839843739,1013.1191455078125,1055.82853515625,21.186926269531256,-9.332730407714848,-1.5523695373535134,1008.3791455078125,15.963522949218756,-5.8015191650390605,1.6800000000000068,-99.76381652832032,24.086660385131836,29.712948303222646,6.939999999999998,8.01834060668945,-10463.5701171875,25.350366516113283,-15.324023132324221,10.633250885009772,-10.498519592285163,-11.605443725585928,0.8699771118164108,-12.879999999999995,-8.047382812500004,-54.79982879638672,-119.56438018798829,-4.341750183105475,18.718686828613286,-1.7900000000000063,-12.911669921875003,-16.9600991821289,-12.666700744628912,-7.677920227050784,-4.622131042480476,-14.428880310058595,-14.644568481445319,83.0393096923828,8.056799468994143,-2.6000991821289006,32.50292129516602,-33.10034942626953,-69.31003051757813,-0.5019808959960912,-0.28000000000000114,-7.47999999999999,9.96587524414062,0.7478317260742244,-59.50940490722655,20.831110076904295,3.9651116943359312,0.9099999999999966,-56.40441467285157,-0.4638195800781375,-165.18001342773437,-163.36,21.48820739746094,0.7445123291015534,-0.37399261474610057,0.0,-12.40176086425781,1027.1883520507813,-177.288349609375,-29.98952270507813,-4.256683349609375,-2.7091632080078085,-0.6320382690429653,-5.688768615722658,-22.696198120117174,10.112323303222652,-5.841092834472661
-12.110112304687505,1052.3593286132811,-3.1727902221679756,-14.267103271484373,-10332.0368359375,-135.92546508789061,-115.93128967285156,934.0881689453125,3.876148071289066,-17.85003051757812,-14.078711853027343,-0.5499999999999972,1.7943098449707051,-11.330022888183592,-16.466823425292972,-38.06169189453125,-13.205750427246095,66.94845092773437,37.92999572753905,4.586729736328124,-7.4558413696289065,31.58,8.107083740234373,-17.630018920898436,-32.702633666992185,53.12,-3.846651916503909,-4.499902954101572,-26.056071166992183,28.074828796386726,0.10037872314453011,1012.12,106.69000061035156,43.16679992675782,-10.195752258300786,-0.5016416931152321,1008.379267578125,15.797339477539069,-5.207200775146482,1.6800000000000068,-98.99735229492188,13.037250518798828,29.689030151367177,0.7865194702148415,7.657920379638668,-11518.93046875,13.80555145263672,-15.630000000000003,20.06267898559571,-14.371886901855476,-14.553884277343741,0.8699771118164108,-12.879999999999995,1.3039813232421835,-54.84032180786133,-120.0757098388672,-4.3356771850586,29.67414642333985,-1.7900000000000063,-12.90841979980469,-16.9600991821289,-12.688513183593756,-7.834288482666018,-6.399169616699226,-22.14942321777344,-18.567351379394538,97.69999999999999,-2.1899999999999977,-2.6000991821289006,33.104651641845706,-33.103668212890625,-69.31003051757813,-0.6236582946777318,-0.28000000000000114,-179.48006103515624,58.55906066894531,-4.620820617675776,-168.68001342773437,22.879999237060545,3.9642114257812437,0.9099999999999966,-178.77003051757814,-119.38905151367189,-165.18001342773437,-220.486953125,21.55047088623047,0.7824609374999909,-0.22042816162110057,0.0,-11.959721374511716,1027.1883520507813,-176.55328033447265,10.739999999999995,-4.2537994384765625,-2.005839843749996,-0.35480133056640284,-5.668398132324221,-22.709320678710924,9.019938964843746,-2.4207131958007864
-12.110112304687505,1052.3593286132811,-3.169807128906257,-14.162267761230467,-10413.28,-139.00880859375,-50.75016784667969,934.088291015625,5.278461303710941,-17.85003051757812,-14.06404815673828,-0.3719833374023409,2.0851004028320332,-6.4357205200195295,-18.045017089843753,-268.3700109863281,-13.516011199951173,63.79108703613281,41.05925292968749,0.40755912780761605,-4.967571563720703,31.58,-4.1766763305664085,-17.629393310546874,-124.06518249511718,-23.860030059814456,-2.963747863769534,-2.5578253173828216,-26.056071166992183,28.543151550292976,0.09042999267578011,1013.119267578125,564.4300061035157,48.076940917968756,-8.900967712402348,-0.8001417541503884,1008.379267578125,15.558051147460944,-5.190240631103514,19.180000000000007,-98.9487225341797,12.978660583496094,31.294590454101552,0.4630407714843727,2.4481463623046835,-13883.690234375,18.84552185058594,-15.630000000000003,20.979098968505866,-15.089530639648444,21.559137573242197,2.858571166992192,-12.879999999999995,-7.397137145996098,-53.878838806152345,-122.26741363525392,-3.9492483520507875,29.2160775756836,-1.7900000000000063,-14.200000000000003,-16.96003051757812,-11.109877014160162,-7.813818817138674,-12.737800292968757,-24.1,-17.143553771972663,90.6878921508789,-2.1899999999999977,-2.6000991821289006,32.55205078125,-33.08544158935547,-69.31003051757813,-0.3848391723632787,-0.28000000000000114,-119.48009155273436,5.101403808593744,9.290628814697271,-168.67000366210937,27.720411376953123,-15.511656799316413,0.9099999999999966,-178.77003051757814,-132.74189575195314,-165.18001342773437,-290.9846490478516,21.24096160888672,27.510686645507803,0.7009890747070244,0.0,-11.551621246337888,1027.18853515625,-176.70805023193358,12.716921081542964,-4.2537994384765625,2.4850430297851602,1.3296202087402378,-5.70345901489258,-23.447250976562486,8.39679290771484,-1.9734933471679739
-12.110112304687505,1052.3593286132811,-3.157386474609382,-15.248983459472655,-10413.28,-140.89082763671874,-51.48521423339844,934.088291015625,5.755397644042972,-33.85005340576171,0.8563314819335943,-0.5499237060546847,1.801248779296877,-6.4305325317382795,-11.812419738769535,-52.577744140625,-18.202198944091798,67.41724670410156,41.092181396484364,0.5124194335937489,-7.235611267089844,31.58,-1.3503518676757835,-14.652083129882811,-124.06518249511718,-16.08573997497559,5.91444885253906,-8.990000000000009,-27.833475952148433,32.27101867675782,-0.7610104370117199,1013.1191455078125,1055.82853515625,48.05634155273438,2.451640014648433,0.9311204528808616,1008.379267578125,15.801398315429694,-3.509999999999998,35.10666625976563,-98.93653076171876,12.98257064819336,29.248630981445302,6.939999999999998,0.7067828369140585,-14170.840625,26.346048278808595,-15.630000000000003,20.025348358154304,-16.055732421875007,-28.403936157226553,3.581799621582036,-12.879999999999995,0.8821292114257773,-53.64011123657227,-117.5414080810547,-4.4037924194336,29.219411621093755,-1.7900000000000063,-14.200000000000003,-14.657563171386712,-7.893156433105474,-8.630000000000003,-10.933509521484382,-24.1,-17.145880737304694,110.40764160156249,-2.1899999999999977,-2.6000991821289006,32.19784851074219,-33.083290100097656,-69.31003051757813,0.2713307189941432,-0.28000000000000114,-119.48009155273436,-7.058767700195318,4.782888793945318,-168.67000366210937,32.190641479492186,-24.029997863769538,0.9099999999999966,-178.77003051757814,-158.1909619140625,-165.18001342773437,-325.20532165527345,21.98637634277344,30.55888916015624,-0.20610015869141307,0.0,-11.531349945068357,1027.18853515625,-174.14310882568358,22.239999999999995,-2.6484603881835938,3.9600033569335977,0.05881866455078466,-5.7144110107421895,-23.825485839843736,8.571452636718746,-13.260000000000005
-12.110112304687505,1052.3592065429686,-16.3509213256836,-15.24816711425781,-441.0899975585937,-164.06612060546874,-59.73994445800781,934.08853515625,6.089946594238285,-33.85005340576171,1.935700073242188,-0.5499237060546847,2.115579833984377,-5.987348632812498,-19.629611816406253,-204.39006103515624,-13.510209045410157,71.36435974121093,38.64311523437499,1.7782103729248036,-7.797813720703125,31.7493115234375,-1.4294305419921898,-17.70999786376953,-121.37145690917968,1008.1178637695313,-1.0891369628906276,5.717626342773428,-27.747126464843745,32.647941284179694,-0.8325283813476574,1013.119267578125,106.69000061035156,48.38568725585938,2.0639294433593705,0.9338517761230491,1008.379267578125,15.799498596191413,-3.509999999999998,26.665092163085944,-99.015693359375,12.984560012817383,30.767582397460927,6.939999999999998,2.0549502563476523,-14233.182421875,26.335786743164064,-15.630000000000003,20.025241546630866,-16.378966979980476,-36.00200439453124,1.771870727539067,-12.879999999999995,9.260539550781246,-59.466458587646486,-111.50999786376954,-6.45194915771485,29.2219369506836,-1.7900000000000063,-14.200000000000003,-16.96003051757812,-10.581678771972662,-8.630000000000003,-11.251327209472663,-15.302827453613283,-17.114043273925788,97.69999999999999,-2.1899999999999977,2.7613815307617244,31.14343948364258,-37.37974166870117,-69.31003051757813,-9.971020812988279,-0.28000000000000114,-13.09358642578124,-61.71376647949219,5.21872177124024,-168.67000366210937,33.30779846191406,-24.029997863769538,0.9099999999999966,-437.57999755859373,-156.58286865234376,-165.18001342773437,-327.86,17.160708007812502,30.23161865234374,0.39019805908202443,-1.559112548828125,-10.774040985107419,1027.18853515625,-173.12041900634765,22.239999999999995,-2.6405029296875,3.9600033569335977,1.6402510070800815,-5.720979919433596,-23.877472534179674,8.39679290771484,-13.260000000000005
-12.389180297851567,1052.3593286132811,-16.347877197265632,-14.59606750488281,-358.11737182617185,-174.12999389648436,-63.606903076171875,934.08853515625,6.089946594238285,-22.097459411621088,2.077973022460938,-0.5499237060546847,2.117929687500002,-5.987859802246092,-20.183101501464847,-69.36061157226563,-13.497521362304688,66.5737026977539,37.92999572753905,1.5524394226074207,-8.057983703613282,31.58,-0.043787536621096024,-26.70628234863281,-121.36431579589843,515.5799914550781,10.284920806884763,-20.38532470703126,-35.80533874511718,32.81388061523438,-0.7519696044921886,1013.119267578125,564.4300061035157,49.22669830322266,-0.6164218139648483,0.4356599426269554,1008.379267578125,13.647276916503913,-3.509999999999998,26.6585385131836,-102.60170715332032,12.984779357910156,28.513958435058584,6.939999999999998,8.558970947265621,-12984.71953125,26.324670715332033,-15.630000000000003,20.683028869628913,-15.401008300781257,-39.49931884765624,3.053120727539067,-12.879999999999995,8.909480590820309,-59.18790939331055,-111.50999786376954,-6.143118896484381,29.228872070312505,-1.7900000000000063,-14.200000000000003,-16.96003051757812,-10.584631347656256,-8.630000000000003,-9.475837402343757,-17.302003479003908,-17.161688842773444,110.29387969970702,-2.1899999999999977,3.087789916992193,31.080638122558597,-29.464519500732422,-69.31003051757813,1.0421704101562526,-0.36651733398437614,-10.93880126953124,-58.650061035156256,4.364416503906256,-168.67000366210937,32.93565948486328,-24.029997863769538,0.9099999999999966,-178.77003051757814,-166.8830700683594,-165.18001342773437,-327.86,17.098780212402346,28.54607177734374,-1.2066723632812568,-1.812896728515625,-10.756489562988278,1027.18853515625,-168.96926162719726,24.013220062255854,-2.9443817138671875,-40.07174255371093,1.3496702575683628,-4.352171173095705,-24.703842773437486,9.019999999999996,-11.953763732910161
-12.389180297851567,1052.3593286132811,-16.347236328125007,-13.45024688720703,-441.0899975585937,-174.02754638671874,-62.456146240234375,934.08853515625,6.089946594238285,-22.631059265136713,1.021179809570313,-0.5499237060546847,2.11221145629883,-5.147382812499998,-21.497112121582035,-42.86149658203125,-13.626160583496095,64.0587109375,38.432162475585926,0.3447196197509754,-8.063156433105469,31.58,2.9083074951171852,-27.380186767578124,-146.5251892089844,1008.1178637695313,11.190800781249997,-45.99001525878907,-36.41683471679687,33.64729278564454,-0.7421124267578136,1013.119267578125,1055.82853515625,49.50511016845704,-11.075688476562505,1.0731416320800804,1008.379267578125,14.132361450195319,-3.509999999999998,27.303359680175788,-100.8815838623047,13.28223991394043,28.53565643310546,1.4643835449218727,19.136859436035152,-12984.71953125,26.801668090820314,-15.630000000000003,21.197738342285163,-15.393531494140632,-124.49699951171874,3.7993823242187545,-23.583109741210933,9.280002136230465,-60.17728164672852,-111.50999786376954,-6.135031738281256,29.215940246582036,-1.7900000000000063,-14.200000000000003,-18.965798339843744,-13.900000000000006,-8.657549743652346,-5.435279541015632,-15.290139770507814,-17.17143157958985,85.65043945312499,-2.1899999999999977,1.466017150878912,30.767199707031253,-36.8078498840332,-69.31003051757813,-9.571629638671872,-0.28000000000000114,-10.93562744140624,-148.73370971679688,5.144838714599615,-168.67000366210937,37.38107879638672,-24.029997863769538,0.9099999999999966,-178.77003051757814,-163.60020263671876,-191.82005859375,-332.73327575683595,15.632830200195315,28.595456848144522,-27.930000000000007,-12.583892822265625,-10.342240142822263,1027.18853515625,-169.24456069946288,22.239999999999995,-2.6456222534179688,-43.95843078613281,0.7489202880859409,-6.1306402587890645,-24.755234374999986,9.019999999999996,-3.6398675537109426
-12.389180297851567,1052.3593286132811,-16.346778564453132,-13.47179229736328,-5444.539765625,-174.12999389648436,-66.82850646972656,934.0879858398438,4.496829833984378,-22.625138854980463,1.478516235351563,0.04371185302734659,2.3631613159179707,-4.696073608398436,-21.477832641601566,-30.097260131835938,-19.565220794677735,75.24011123657226,38.787448120117176,0.1364791107177723,-9.204727478027344,32.08,1.3818182373046852,-27.37264892578125,-130.71229248046876,-15.443280105590821,6.115800018310544,-45.99001525878907,-37.33222473144531,33.64085357666016,0.028082580566405113,1013.119267578125,89.19000061035156,47.24529876708985,-11.008603210449223,0.7223115539550804,1008.379267578125,15.231421508789069,-3.509999999999998,27.297012023925788,-103.42435424804688,17.138270378112793,27.876942138671865,-1.5076394653320335,19.150748748779293,-13883.690234375,27.261468811035158,-15.630000000000003,21.187980346679694,-15.432250671386726,-43.22209716796874,9.870122070312505,-23.557352905273433,1.293498535156246,-55.17775085449219,-100.0449481201172,-5.047766723632819,18.729772338867193,-1.7900000000000063,-14.200000000000003,-18.260537109374994,-10.593168640136724,-9.21649826049805,-6.684272460937507,-15.294992065429689,-17.53240112304688,88.16681976318358,-2.1899999999999977,2.7731994628906307,30.768088531494143,-37.09629821777344,-69.31003051757813,-10.127247924804685,-0.28000000000000114,-10.57301757812499,-145.94644775390626,10.792238616943365,-168.68001342773437,36.28977020263672,-21.821852722167975,-1.7958105468750034,-178.77003051757814,-156.8067761230469,-184.47743774414062,-327.86,16.379717407226565,29.66904998779296,-21.67476623535157,0.0,-10.050118255615232,1027.18853515625,-163.961689453125,22.239999999999995,-2.3865127563476562,-1.2727313232421835,0.017921295166019036,-6.129461517333986,-24.7221075439453,4.655223388671871,-3.5533197021484426
-12.46243774414063,1052.3593286132811,-16.998290710449226,-15.979337768554686,-10894.2790234375,-174.12999389648436,-65.08023071289062,934.0889013671875,4.481777038574222,-22.630090332031244,1.9191671752929693,0.5424377441406278,2.0683309936523457,-5.147382812499998,-19.370693054199222,-31.7651220703125,-19.584000549316407,74.83325088500976,42.3743927001953,0.12970039367675668,-10.32,32.08,1.3982824707031227,-27.501639099121093,-128.00513916015626,-15.586579208374024,11.494351501464841,-165.47001098632813,-40.542719726562495,33.642699890136726,0.05582305908203011,1013.1195727539063,106.69000061035156,46.650000000000006,-11.52183258056641,0.0317903137207054,1008.3796948242187,15.811072387695319,-2.922139892578123,27.293800048828132,-160.0199658203125,8.060619354248047,28.887859802246084,6.939999999999998,19.150870819091793,-14231.979296875,25.175821228027345,-15.630000000000003,21.176120452880866,-16.126296691894538,-40.78088928222655,11.927670593261723,-22.430552368164058,0.8969607543945273,-59.5900700378418,-111.52000000000001,-5.057822265625006,18.72804809570313,-1.7900000000000063,-14.200000000000003,-25.389199218749994,-10.585188293457037,-9.442988281250003,-7.079246215820319,-13.331666564941408,-17.52117065429688,87.28696746826171,-2.1899999999999977,2.778280639648443,30.72684020996094,-36.803321838378906,-69.31003051757813,-10.144620056152341,-0.28000000000000114,-12.159168701171865,-147.35574951171876,8.069128417968756,-168.68001342773437,42.64377029418945,-21.844000854492194,4.788646850585934,-178.77003051757814,-163.25266845703126,-165.18001342773437,-327.86,16.941111145019534,16.873502502441397,-9.85854309082032,0.0,-10.048970031738278,1027.18853515625,-172.44654891967772,24.475359191894526,-1.8536376953125,-3.269999999999996,0.015830841064456536,-6.115770568847658,-25.819626464843736,5.280063171386715,-3.6398675537109426
-12.770283813476567,1052.3593286132811,-17.001990966796882,-12.634260253906248,-5459.11154296875,-174.14000366210936,-72.5074462890625,934.0884130859375,4.44446929931641,-17.85003051757812,0.3922201538085943,0.45354003906250284,2.069010009765627,-5.106550292968748,-18.91737731933594,-42.06347717285156,-18.985371551513673,66.02333343505859,43.0034210205078,0.23440048217773324,-10.32,30.05125244140625,2.122350158691404,-26.765883178710936,-129.04110412597657,1008.1178637695313,11.482571716308591,-17.484308471679697,-48.10761535644531,34.07608001708985,0.07502624511718636,1013.1195727539063,209.22979553222655,46.650000000000006,-11.008603210449223,-0.307530822753904,1008.3796948242187,3.985793151855475,-6.53811813354492,27.2908627319336,-157.23694580078126,7.956390380859375,27.870281677246084,6.939999999999998,19.150458831787105,-14584.7,28.606370849609377,-15.630000000000003,22.56724899291993,-40.10579650878907,-43.21623779296874,13.60282623291016,-22.435160522460933,0.7030368041992148,-50.91599014282227,-112.79144622802735,-4.416571655273444,19.240949401855474,-1.7900000000000063,-14.200000000000003,-23.650147399902337,-14.130087280273443,-9.219111328125003,-7.076827697753913,-13.024079895019533,-17.514227905273444,84.39309997558593,-2.5949072265624977,2.214712524414068,30.798430633544925,-36.812461853027344,149.37388366699219,-0.3584300231933568,-0.28000000000000114,-7.870472412109365,-147.36237182617188,9.201670074462896,-168.68001342773437,44.5439892578125,-21.83488372802735,4.778881225585934,-178.77003051757814,-187.4446240234375,-165.17000366210937,-332.8187860107422,16.336809692382815,29.543706665039053,-32.741813354492194,0.0,-9.739689636230466,1027.18853515625,-172.7759518432617,24.982141723632807,-2.3834228515625,-3.269999999999996,1.3558691406250034,-6.144781341552736,-25.5386358642578,0.436107177734371,-3.559980163574224
-12.456593627929692,1052.3593286132811,-14.596969299316413,-13.17845733642578,-5407.6130078125,-177.34932373046874,-56.50096130371094,934.0889013671875,3.4084509277343784,-16.756196594238276,-0.20628295898437443,0.43626708984375284,2.6292898559570332,-5.107328491210936,-12.799678649902347,-45.82548583984375,-19.603199920654298,65.5700405883789,45.00102539062499,0.45390007019042855,-8.849129028320313,30.254293518066405,-2.2007318115234398,-27.518728942871093,-134.7886474609375,-15.035839920043946,-2.1713131713867213,-8.990000000000009,-48.10433471679687,35.13755767822266,0.11537811279296761,1013.1195727539063,857.2499829101563,46.650000000000006,-11.008603210449223,4.042479095458987,1008.3795727539062,4.9999075317382875,-4.4742486572265605,27.297012023925788,-40.68006103515626,8.992380142211914,27.87531707763671,6.939999999999998,19.146838684082027,-14584.7,21.89611999511719,-15.630000000000003,21.174598388671882,-37.95290344238282,-124.92000366210937,14.770108337402348,-12.879999999999995,0.7030368041992148,-51.24194839477539,-111.50999786376954,-4.4212637329101625,27.18019653320313,-1.7900000000000063,-14.200000000000003,-19.356873474121087,-13.900000000000006,-9.229178314208987,-11.142593078613288,-13.373139953613283,-17.521056213378913,83.71585388183593,-2.9079183959960915,0.3794464111328182,31.662741851806643,-36.94527053833008,149.68984741210937,-0.3719493103027318,-0.28000000000000114,-9.162464599609365,-145.96973266601563,9.178381347656256,-168.68001342773437,33.38839157104492,-22.783156433105475,0.9099999999999966,-402.44730712890623,-188.769453125,-165.17000366210937,-327.86,16.32657867431641,27.911199340820303,-61.99854248046876,0.0,-9.753010559082028,1027.18853515625,-172.77584884643554,25.15500091552734,-2.649688720703125,-41.01897766113281,1.927589263916019,-6.157278289794924,-18.52882446289061,5.168063659667965,-3.5591790771484426
-12.451649780273442,1052.3593286132811,-17.645568542480476,-12.050481872558592,-5408.93576171875,-174.55513427734374,-65.18925476074219,934.0890844726563,9.491580810546878,-15.88775787353515,-1.6523507690429682,0.48456115722656534,1.7581503295898457,-4.678556518554686,-12.8086393737793,-45.82548583984375,-19.58051010131836,63.34327972412109,43.47162170410155,-1.9204590606689464,-13.901588745117188,30.46562774658203,-5.7407327270507835,-28.25241729736328,-176.26746826171876,-15.280909423828126,-2.1770275878906276,-0.6911871337890716,-48.10386169433593,41.74748199462891,0.11852905273437386,1013.1195727539063,208.18626220703123,50.44873657226563,-11.008603210449223,4.041670379638674,1008.3796948242187,-2.7153710937499937,-3.509999999999998,27.311401062011726,-78.59134643554688,12.798650741577148,28.543201904296865,6.939999999999998,19.442470092773434,-14584.7,28.711412353515627,-15.630000000000003,20.76712005615235,-39.244743041992194,-41.717061767578116,14.770108337402348,-9.05989349365234,0.496806640624996,-51.215508728027345,-114.70601989746095,-4.416846313476569,27.26930786132813,-1.7900000000000063,-14.200000000000003,-51.31360717773437,-7.899671936035162,-16.8416813659668,-10.066100769042976,-13.899133300781251,-17.318671264648444,84.2463409423828,-2.9168218994140602,0.38227691650391193,31.66345138549805,-36.793190002441406,149.68984741210937,-0.8191615295410131,-0.28000000000000114,-7.51350830078124,-133.55078735351563,9.515478515625006,-168.68001342773437,43.411249237060545,-22.78105072021485,3.341777954101559,-677.1921801757812,-188.96613891601564,-165.17000366210937,-327.86,18.281893310546877,36.237439880371085,-61.94794433593751,0.0,-14.34798889160156,1027.18853515625,-172.77576873779296,25.14539932250976,-2.6492767333984375,-40.91620971679687,1.944568481445316,-6.158430328369143,-18.52882446289061,5.751681823730465,0.7399999999999949
-12.463528747558598,1052.3593286132811,-17.651221923828132,-10.93652160644531,-5228.8923046875,-174.14000366210936,-62.50164794921875,934.0889624023438,6.089946594238285,-16.415208435058588,-16.748023376464843,0.07403106689453409,0.6141111755371114,-5.1048794555664045,-11.919471588134769,-44.02885498046875,-19.316060028076173,65.45839202880859,36.7763702392578,0.3517195892333973,-14.7965625,29.89128692626953,-1.440760192871096,-28.142332763671874,-177.87962036132814,-12.971379165649415,-4.153536682128909,-179.90000366210938,-48.10386169433593,41.74797027587891,0.12605163574218636,1013.1195727539063,207.6800061035156,46.650000000000006,-11.008603210449223,17.383560714721682,1008.3796948242187,0.7639532470703188,-7.867727050781248,39.23816650390626,-100.97849243164063,7.958000183105469,27.74795196533202,6.939999999999998,3.638896484374996,-14584.7,29.773431701660158,-15.630000000000003,22.129218750000007,-37.924674682617194,-38.06644226074218,15.870106811523442,-12.879999999999995,0.495982666015621,-50.80655029296875,-111.50999786376954,-4.4119711303711,27.271772155761724,-1.7900000000000063,-14.200000000000003,-34.16571899414062,-20.253248596191412,-16.839560394287112,-22.307662658691413,-13.378503417968751,-22.061049499511725,83.62704772949218,-2.1899999999999977,1.1892990112304744,31.660830688476565,-36.793190002441406,149.44054931640625,-1.0747386169433568,-0.28000000000000114,-9.161106567382802,-133.57132568359376,9.527029418945318,-168.68001342773437,43.70294006347656,-22.757468261718756,3.340068969726559,-495.58500244140623,-185.57993896484376,-165.17000366210937,-327.86,18.296778259277346,27.312467346191397,-9.82814758300782,0.0,-14.354450988769528,1027.18853515625,-172.76934097290038,22.239999999999995,-3.1448593139648438,-40.17156555175781,2.113830413818363,-5.725618591308596,-18.859604492187486,5.280063171386715,0.7399999999999949
-5.295483703613286,1052.3593286132811,-17.653632812500007,-13.179761962890623,-5309.48166015625,-174.14000366210936,-66.029296875,934.0889624023438,-17.910068664550778,-16.408288574218744,-16.221618041992187,0.9114715576171903,0.6141111755371114,-2.907781677246092,-12.398860778808597,-41.09355224609375,-19.397408447265626,56.629999999999995,36.777972412109364,0.40222045898437386,-1.8200000000000003,31.580022888183592,-5.44224792480469,-27.402228088378905,-177.8469970703125,-13.24540985107422,-4.660967712402346,-116.90110229492188,-47.27616394042968,41.32901733398438,0.11501190185546761,1013.1195727539063,58.91999991416931,46.650000000000006,6.3799999999999955,17.317650375366213,1008.3795727539062,1.8329229736328188,-12.009999999999998,39.51435058593751,-101.18506591796876,7.958700180053711,28.51984832763671,6.939999999999998,3.6460299682617148,-14584.7,30.3080615234375,-11.326472167968753,20.766769104003913,-37.91089599609376,-36.61820007324218,13.678799743652348,-12.879999999999995,0.49283172607421477,-50.87445953369141,-111.50999786376954,-4.3970785522461,28.413450012207036,-1.7900000000000063,-18.206317138671878,-52.08693786621093,-21.110487365722662,-16.825190429687503,-26.149093322753913,-13.738046264648439,-22.052573242187506,89.90902252197264,-2.1899999999999977,0.6455291748046932,31.662329864501956,-36.7889404296875,149.11555236816406,-0.8145800781249974,-0.28000000000000114,-7.480015258789052,-133.59189453125,9.031618499755865,-168.68001342773437,43.34971054077148,-22.73587707519532,0.9099999999999966,-443.34196044921873,-172.18476684570314,-165.17000366210937,-327.86,18.269907531738284,31.721273193359366,-4.851859741210944,0.0,-14.858761596679685,1027.18853515625,-172.77922866821288,22.239999999999995,-5.3150634765625,-41.287150878906246,1.6636808776855503,-6.860670318603518,-18.3429571533203,5.280063171386715,0.7399999999999949
-5.2956591796875045,1052.3593286132811,-17.653541259765632,-3.602476196289061,-6068.56076171875,-185.9087109375,-67.82722473144531,934.0889624023438,6.089946594238285,-14.34063110351562,-15.520743713378906,-0.3655288696289034,2.0240118408203145,-2.901243286132811,-7.673171844482425,-29.397003784179688,-22.068238220214845,58.2876919555664,35.52000732421874,0.4184806060791004,-1.8200000000000003,31.580022888183592,-6.030046997070315,-20.970038146972655,-177.7781188964844,-13.51896942138672,-5.135218505859378,-179.90000366210938,-46.870722656249995,41.75279205322266,0.3455416870117176,1013.1195727539063,58.91999991416931,46.650000000000006,-8.910908813476567,17.44821029663086,1008.3795727539062,14.517226257324225,2.673330535888674,40.638541870117194,-101.18506591796876,8.772159576416016,27.74795196533202,10.169598999023435,2.5002017211914023,-14584.7,29.52527801513672,-11.318690185546878,21.16295974731446,-37.23377197265626,-43.2653253173828,13.669461364746098,-12.879999999999995,-0.31431243896484773,-50.47430923461914,-111.50999786376954,-4.3999319458007875,28.41487670898438,-1.7900000000000063,-45.354052734375,-51.30225463867187,-20.818258666992193,-16.83780944824219,-12.415809326171882,-13.731958007812501,-22.05046752929688,89.89700622558593,-2.1899999999999977,-0.13542327880858807,31.659148406982425,-36.479129791259766,149.11555236816406,-0.8195811462402318,-0.28000000000000114,-10.951282958984365,-133.61368408203126,6.969549560546881,-168.68001342773437,43.208429412841795,-23.22795776367188,0.9099999999999966,-440.36344482421873,-192.4918347167969,-165.15999389648437,-327.86,18.230852661132815,28.72173095703124,0.4221423339843682,0.0,-16.222027587890622,1027.18853515625,-172.78231857299804,20.436819305419917,-4.944648742675781,-40.932780761718746,1.1590002441406284,-6.009309997558596,-18.337875976562486,5.382579345703121,0.7399999999999949
-6.097577209472661,1052.3593286132811,-17.655761413574226,-2.5324002075195295,-5517.66720703125,-174.14000366210936,-68.88531494140625,934.0889624023438,1.9945028686523472,-8.876992797851557,-16.09101806640625,0.8969909667968778,1.5328009033203145,2.3261889648437517,-7.67689117431641,-40.63000549316406,-9.74131103515625,56.629999999999995,33.52507324218749,0.4125601959228504,-0.8043292236328128,31.58,-2.0394311523437523,-20.80070373535156,-177.71836547851564,-14.008620147705079,-5.151026611328128,-180.99003051757813,-40.90763366699218,36.35694854736329,0.12245056152343636,1013.1195727539063,58.91999991416931,46.650000000000006,-8.004040832519536,17.719250259399416,1008.3795727539062,6.521506347656256,2.2012083435058614,40.91767089843751,-104.51795166015626,13.836610794067383,27.74795196533202,10.093289794921873,2.9885516357421835,-14584.7,29.524148864746095,-11.301569824218753,20.7351986694336,-37.20883911132813,-42.10367370605468,18.370000000000005,-12.879999999999995,0.08739044189452727,-49.42060974121094,-111.34617950439454,-4.391013183593756,27.82221771240235,-1.7900000000000063,-25.12687225341797,-52.102837524414056,-19.390089416503912,-16.634829406738284,-9.093322448730476,-13.934152221679689,-20.602866210937506,92.50023193359374,-2.1899999999999977,-0.13265380859374432,31.901641082763675,-36.47639083862305,149.11555236816406,-0.8041506958007787,-0.28000000000000114,-10.94307373046874,-135.79999389648438,9.026758575439459,-168.67000366210937,43.83463104248047,-23.577643432617194,0.9099999999999966,-498.6548876953125,-205.8437939453125,-165.15999389648437,-327.86,18.75010162353516,29.33042694091796,5.761421508789056,0.0,-14.056950378417966,1027.18853515625,-169.0926708984375,20.44782089233398,-8.971382141113281,-33.884196777343746,1.162189331054691,-2.7633306884765645,-18.33418334960936,5.280063171386715,0.8600027465820261
-4.1231433105468795,1052.3593286132811,-17.65908782958985,-3.608312683105467,-5559.6110546875,-174.14000366210936,-67.73707580566406,934.0889624023438,1.9931677246093784,-10.349999999999994,-16.64296661376953,-0.5499237060546847,1.6824095153808614,2.188417358398439,-9.68030914306641,-37.62652648925781,-9.73989959716797,56.21783721923828,33.855242919921864,3.3759104919433582,-1.725979156494141,31.580022888183592,-2.123133239746096,-18.552878112792968,-172.8897216796875,-14.011639480590821,-4.303698425292971,-179.90000366210938,-47.102717285156245,41.29329650878907,0.11605712890624886,1013.1195727539063,27.76589973449707,46.650000000000006,3.9006375122070267,25.672290382385256,1008.3795727539062,6.500403442382819,3.308359375000002,40.84858673095704,-40.68006103515626,13.960630416870117,27.769718627929677,10.183919372558591,2.9857516479492148,-14584.7,29.86145965576172,-11.295962219238284,20.02413146972657,-36.55109375000001,-43.23746276855468,18.370000000000005,-12.879999999999995,0.08668090820312102,-49.416531829833986,-118.71587707519532,-4.3939505004882875,28.304319152832036,-1.7900000000000063,-24.783862304687503,-51.33937927246093,-36.34722747802735,-8.630000000000003,-8.72000091552735,-12.799783325195314,-20.61283782958985,93.4775421142578,-8.679952087402341,1.1929916381835994,32.57461853027344,-36.4747314453125,149.52387756347656,-0.30888854980468494,-0.28000000000000114,-9.879978637695302,-135.79999389648438,0.30148162841797443,-168.67000366210937,43.51199920654297,-24.029997863769538,0.9099999999999966,-505.2784228515625,-213.4900036621094,-165.15999389648437,-327.86,18.73442321777344,27.101949462890616,8.014297790527337,0.0,-5.290989685058591,1027.18853515625,-169.08821151733397,20.4105093383789,-8.979873657226562,-28.251079101562496,1.1668089294433628,-2.4282705688476582,-18.325775756835924,4.576449890136715,0.8600027465820261
-4.1223498535156295,1052.3593286132811,-17.660110168457038,-5.2548428344726545,-10124.28,-174.14000366210936,-67.14671325683594,934.0889624023438,1.4243200683593784,-8.18878326416015,-16.640166625976562,-0.5499999999999972,1.525888671875002,-2.4511624145507795,-8.4031217956543,-38.689346923828126,-9.742569885253907,56.629999999999995,33.85997314453124,3.3777301025390614,0.28369110107421847,31.580022888183592,-3.8888269042968773,-18.53665802001953,-171.29267578125,-14.011179809570313,-4.307589416503909,-179.90000366210938,-40.52762878417968,38.841056518554694,0.6143481445312489,1013.1195727539063,36.99206932067871,46.650000000000006,6.3799999999999955,26.049509582519534,1008.3795727539062,15.486578979492194,2.6484396362304707,40.35926025390626,-40.680045776367194,15.70298957824707,27.74795196533202,13.498372497558591,2.9918780517578085,-14584.7,29.85048095703125,-9.98502624511719,21.281379394531257,-36.50307434082032,-44.51413513183593,18.370000000000005,-12.879999999999995,-1.8665509033203165,-49.639268188476564,-111.50999786376954,-4.8781118774414125,28.922887573242193,-1.7900000000000063,-24.724810791015628,-51.361992797851556,-22.723417663574224,-8.630000000000003,-33.667106323242194,-13.08278045654297,-21.557646789550788,91.97697753906249,-6.265851440429685,1.4526428222656307,33.19668121337891,-36.47909164428711,149.68971771240234,-10.117222900390622,-0.28000000000000114,-11.566105346679677,-133.62756958007813,10.957441711425787,-168.67000366210937,43.498170928955076,-24.029997863769538,0.9099999999999966,-501.903056640625,-213.4900036621094,-165.15999389648437,-327.86,18.681597290039065,28.765928039550772,7.350052185058587,0.0,-4.914051818847653,1027.18853515625,-161.40752075195311,20.2897817993164,-9.564567565917969,-38.89678527832031,1.1790502929687534,-2.037698974609377,-17.492462768554674,5.127719421386715,7.780901184082026
-4.688046569824223,1052.3593286132811,-17.6508480834961,-2.521299438476561,-5512.50705078125,-174.14000366210936,-69.55838012695312,934.0889624023438,-7.170452270507809,-10.349999999999994,-2.508330688476562,-0.5499999999999972,1.5330412292480489,-2.465421752929686,-7.945899810791019,-37.12066711425781,-9.743710479736329,55.714342956542964,33.788958740234364,3.8601596069335926,-0.2640498352050784,31.58,-2.0915933227539085,-22.3680712890625,-171.2854431152344,-41.842051391601565,-4.313540344238284,-179.90000366210938,-40.56611145019531,32.79959075927735,7.026331634521483,1013.1195727539063,37.004489974975584,46.650000000000006,6.3799999999999955,18.00230079650879,1008.3795727539062,15.1688070678711,4.287370910644533,40.64105957031251,-40.68006103515626,13.957990646362305,27.74795196533202,13.484456481933591,2.8287234497070273,-14584.7,30.072900695800783,-8.30900085449219,20.935531311035163,-36.15244262695313,-44.5189874267578,18.370000000000005,-12.879999999999995,-8.281483154296879,-49.343228607177736,-111.50999786376954,-5.039382019042975,28.92220855712891,-1.7900000000000063,-21.087779235839847,-50.56678100585937,-34.929296875000006,-8.630000000000003,-29.789016418457038,-13.108499145507814,-21.462111511230475,92.97993774414061,-9.450437011718748,1.4402069091796932,32.57527084350586,-31.115169525146484,149.68984741210937,-0.6178218078613256,-0.28000000000000114,-10.634403686523427,-135.79999389648438,8.56424179077149,-168.67000366210937,42.988580780029295,-24.029997863769538,0.9099999999999966,-503.53153564453123,-213.4900036621094,-165.15999389648437,-327.86,9.482851562500002,26.539998779296866,9.0200503540039,5.340576171875e-5,-4.945858764648435,1027.18853515625,-161.40711067199706,22.239999999999995,-7.3045806884765625,-40.21337463378906,0.6992185974121128,-1.9122602844238301,-18.32495178222655,5.130748291015621,14.082697143554682
-7.499676818847661,1052.3593286132811,-17.647887878417976,-3.6061306762695295,-5540.733125,-155.73271606445311,-67.13241577148438,934.0889624023438,-6.853481445312497,-10.349999999999994,-4.470618591308593,-0.5499999999999972,1.2877485656738301,-1.7131024169921858,-7.954170074462894,-36.38995422363281,-9.998448333740235,56.629999999999995,33.743075561523426,0.07773086547851449,5.00114028930664,31.214140014648436,-3.3614602661132835,-22.158751220703124,-171.27866821289064,-14.01134002685547,-3.4575680541992213,-180.99,-35.13674438476562,34.32541625976563,7.018828124999999,1013.1195727539063,26.9343701171875,46.650000000000006,6.3799999999999955,17.71517044067383,1008.3795727539062,14.633910217285163,4.292581787109377,37.66197174072266,-40.68007629394532,14.201299667358398,27.74795196533202,13.469281616210935,2.8206362915039023,-14584.7,30.0596484375,-8.302569274902346,20.936591796875007,-36.154166870117194,-157.13088012695312,18.370000000000005,-12.879999999999995,-8.283207397460941,-49.14505889892578,-111.50999786376954,-4.391921081542975,28.928647766113286,-1.7900000000000063,-21.279551696777347,-51.35390563964843,-28.294607543945318,-8.630000000000003,-32.96626251220704,-13.09645233154297,-21.51132873535157,92.55030364990233,-11.689946594238279,1.1811737060546932,32.56724090576172,-30.60788917541504,149.68984741210937,-0.15264999389648182,-0.28000000000000114,-12.47615478515624,-127.36920776367188,10.94150009155274,-168.67000366210937,43.19674880981445,-24.029997863769538,0.9099999999999966,-506.84061767578123,-213.4900036621094,-165.17000366210937,-327.86,5.733309326171877,29.35538269042968,9.345848388671868,0.0,-4.9253013610839815,1027.18853515625,-165.84433029174804,22.239999999999995,-6.745018005371094,-39.851787109374996,0.5222891235351597,-1.9107191467285176,-17.8900762939453,4.910968322753902,13.707552185058589
-7.245953674316411,1052.3593286132811,-17.653999023437507,-3.839819030761717,-5540.4128125,-157.07115600585936,-68.17314147949219,934.0889624023438,-9.10612884521484,-10.349999999999994,-8.489791259765624,-0.5499999999999972,2.6313497924804707,-1.7036267089843733,-7.954170074462894,-36.38995422363281,-9.73404022216797,56.629999999999995,34.157672119140614,-0.7803509521484386,5.18,31.57720764160156,-6.5741372680664085,-19.93089172363281,-171.26942138671876,-14.012440567016602,4.919259185791013,-179.90000366210938,-32.708857421874995,31.290298156738288,7.4048182678222645,1013.1196948242188,27.176929550170897,46.650000000000006,-9.596379394531255,17.433720169067385,1008.3795727539062,14.166510620117194,6.819219818115236,37.70320861816407,-41.32625549316407,14.200910568237305,27.15266082763671,11.16200012207031,2.8174624633789023,-14584.7,45.49801055908203,-8.309946899414065,21.310130767822272,-35.74466674804688,-139.8985498046875,18.370000000000005,-12.879999999999995,-8.282017211914066,-49.42007949829102,-108.68024017333985,-3.963149108886725,29.538259277343755,-1.7900000000000063,-29.745471191406253,-53.723854980468744,-35.20893707275391,-8.630000000000003,-29.748122863769538,-13.116487121582033,-21.526816406250006,94.88595886230468,-11.689946594238279,1.7110198974609432,33.047698211669925,-30.608530044555664,149.68984741210937,-10.365826721191404,-0.28000000000000114,-12.501759033203115,-11.44373168945313,8.954580688476568,-168.65999389648437,39.37111862182617,-24.029997863769538,0.9099999999999966,-680.4189868164062,-206.80976684570314,-165.17000366210937,-327.86,4.472536621093752,12.729543457031241,9.330887145996087,0.0,-4.8932502746582,1027.18853515625,-166.21265075683593,22.239999999999995,-7.304496765136719,-20.739970703124996,0.5144384765625034,-0.9885008239746114,-18.33679260253905,4.858508605957027,8.213709106445307
-6.393139953613286,1052.3593286132811,-17.654456787109382,-0.15358932495117017,-5529.54513671875,-154.68999145507811,-69.45008850097656,934.0889624023438,1.332141723632816,-10.349999999999994,-8.77162872314453,-0.5499999999999972,1.7855589294433614,-1.4652615356445295,-7.93690093994141,-46.371414794921876,-9.737111053466798,56.629999999999995,34.1735870361328,-0.7793991851806652,9.080001525878906,31.523359375,-3.1730371093750023,-19.363089294433593,-171.2705505371094,-21.14015090942383,13.241768951416013,-180.99003051757813,-33.31357849121093,28.591346435546882,7.684801788330077,1013.1196948242188,26.871000366210936,46.44280090332032,-6.801892395019536,17.8365007019043,1008.3795727539062,10.332121887207038,13.289991607666018,36.27870910644532,-35.623405151367194,20.300769805908203,25.86726043701171,12.674832763671873,2.8150592041015585,-14584.7,30.442010803222658,-9.129977111816409,20.702079467773444,-35.302665405273444,-139.9388330078125,18.370000000000005,-12.879999999999995,-8.283337097167973,-49.423341064453126,-108.68107940673829,-1.4173498535156313,29.551427612304693,-1.7900000000000063,-29.73959655761719,-52.98348327636718,-24.50079956054688,-8.630000000000003,-24.614013366699226,-13.114312744140626,-21.506346740722663,96.53261108398436,-11.689946594238279,1.711317443847662,33.044680786132815,-29.63991928100586,149.68984741210937,-1.4735995483398412,-0.28000000000000114,-12.779484252929677,-97.26587524414063,9.331919097900396,-168.67000366210937,34.61453826904297,-24.029997863769538,0.9099999999999966,-506.72428466796873,-200.89216430664064,-165.17000366210937,-327.86,5.7442117309570335,4.108831176757803,9.317810363769524,5.340576171875e-5,-4.8928306579589815,1027.18853515625,-153.59197090148925,22.239999999999995,-7.6089324951171875,-20.085780639648434,0.5033491516113315,-0.4632398986816426,-17.503342285156236,5.128062744140621,0.8600027465820261
-5.5944567871093795,1052.3593286132811,-17.654372863769538,0.19505874633789233,-5531.72287109375,-155.74849365234374,-70.67707824707031,934.0890234375,0.5606497192382847,-10.349999999999994,-8.771407470703124,-0.5499999999999972,2.952799072265627,-1.2461529541015608,-7.039558258056644,-27.035111083984376,-9.99499984741211,56.629999999999995,34.15666503906249,-1.2131092834472668,4.960529022216797,31.15270050048828,-2.425043640136721,-17.41268798828125,-169.92860107421876,-42.19655883789063,13.241879577636716,-180.99,-35.08170593261718,35.36739318847657,9.387510986328124,1013.1196948242188,33.384000854492186,45.7499984741211,1.7202175903320267,26.223160324096682,1008.3796948242187,-2.3258981323242125,12.27725051879883,37.708068542480476,-40.68006103515626,20.396519660949707,25.867168884277334,11.71485656738281,2.5052828979492148,-14584.7,31.337259216308595,-8.129977111816409,5.819739990234382,-35.292045288085944,-157.22051025390624,18.370000000000005,-12.879999999999995,-5.8716473388671915,-49.12391021728516,-108.68085815429689,-5.0508871459961,29.9917123413086,-1.7900000000000063,-30.834155273437503,-52.97976013183593,-38.786291503906256,-8.393919830322268,-8.72000091552735,-12.862741088867189,-20.971030273437506,88.1185333251953,-11.689946594238279,1.7138122558593807,32.57591934204102,-28.498580932617188,149.68984741210937,0.6565388488769557,-0.28000000000000114,-11.685062866210927,-97.08948364257813,9.330019378662115,-168.67000366210937,44.493768768310545,-24.029997863769538,4.60246673583984,-678.0854296875,-200.6161022949219,-165.15999389648437,-327.86,6.043428955078127,8.901807556152335,13.570053405761712,5.340576171875e-5,-4.38671951293945,1027.18853515625,-155.28727005004882,21.601801147460932,-8.169021606445312,-20.09185363769531,0.5337789916992222,-4.325079193115236,-18.52882446289061,5.13116790771484,0.8600027465820261
-8.781270141601567,1052.3593286132811,-18.303908996582038,0.8984088134765642,-5489.48068359375,-157.07817504882811,-71.12434387207031,934.0890234375,6.089946594238285,-10.349999999999994,-16.125426635742187,-0.5499999999999972,2.6919882202148457,-1.6798229980468733,-6.958831634521488,-27.89,-9.998780212402345,56.629999999999995,35.30986328124999,-1.4341900634765636,8.9523388671875,25.778760986328123,-2.4285607910156273,-20.387831420898436,-169.92860107421876,-46.404421691894534,12.2138606262207,-180.99,-27.318095092773433,28.007453613281257,9.213350982666014,1013.1196948242188,33.17339904785156,41.443083190917974,-6.5706225585937545,26.22304969787598,1008.3796948242187,-2.3543710327148375,12.089468231201174,35.2531430053711,-40.68006103515626,20.30086040496826,25.35439727783202,12.027730407714841,2.5052523803710898,-14584.7,45.34380142211914,-8.399981384277346,5.462546997070319,-35.19550292968751,-149.9334619140625,18.370000000000005,-12.879999999999995,0.49281646728515227,-49.251588134765626,-96.44985153198243,-5.0572500610351625,29.996648559570318,-2.127699890136725,-35.325732421875,-52.99457641601562,-39.0554183959961,-5.441550140380862,-36.19708984375001,-13.09877166748047,-27.22928527832032,87.27689666748046,-11.507527770996091,2.253439331054693,33.48488922119141,-26.25551986694336,149.68984741210937,1.116770629882815,-0.28000000000000114,-12.867252807617177,-86.2504638671875,10.320658111572271,-168.67000366210937,44.98996932983398,-24.029997863769538,4.58690277099609,-686.6270556640625,-200.44660766601564,-165.17000366210937,-327.86,-5.855863037109373,3.174283752441397,9.314590759277337,5.340576171875e-5,-1.359490203857419,1027.18853515625,-152.70266006469726,20.81540893554687,-8.4451904296875,-20.09498168945312,0.5019987487793003,-4.3400518798828145,-18.52882446289061,3.7134890747070273,0.8600027465820261
-10.750760192871098,1052.3593286132811,-18.304092102050788,0.8905200195312517,-5429.5378125,-158.41264770507811,-102.50538635253906,934.0890234375,6.089946594238285,-10.849717712402338,-8.979117736816406,-0.5499999999999972,2.704721679687502,-1.3678570556640608,-6.958068695068363,-26.289765014648438,-14.258721313476563,56.319208984374995,35.320040893554676,-0.966189651489259,8.961490325927734,25.080236511230467,-3.247522888183596,-19.964537353515624,-169.69114379882814,-48.77176940917969,12.567128295898435,-180.99,-27.318095092773433,33.722526245117194,9.01465866088867,1013.1196948242188,32.9464608001709,27.829397583007818,0.38216674804687045,25.850340423583987,1008.3796948242187,-2.294968566894525,12.226949920654299,31.8973080444336,-46.47371643066407,20.527779579162598,25.35439727783202,12.041791381835935,2.506358642578121,-14584.7,45.349859161376955,-8.399981384277346,5.161391906738288,-35.19431274414063,-157.1983544921875,18.370000000000005,-12.879999999999995,-6.1188397216796915,-49.14725997924805,-108.68018676757814,-5.0570669555664125,20.630796203613286,-3.5651617431640688,-27.550799560546878,-44.05159851074218,-49.21437683105469,-5.238070373535159,-7.942176513671882,-12.856103515625001,-32.048300781250006,97.69999999999999,-11.689946594238279,-2.600053405761713,33.48010177612305,-19.83233070373535,-328.11999755859375,1.24064147949219,-0.28000000000000114,-12.867252807617177,-96.99780883789063,9.128610992431646,-168.68001342773437,34.120451049804686,-24.029997863769538,-2.516170349121097,-688.7254443359375,-200.42597778320314,-165.17000366210937,-327.86,-5.849530639648435,4.070150146484366,9.949287719726556,5.340576171875e-5,-1.7240684509277315,1027.18853515625,-156.06694076538085,19.93686889648437,-8.431358337402344,-20.101420898437496,0.40324005126953466,-4.345899810791018,-18.52882446289061,5.7318377685546835,0.8600027465820261
-8.282902832031255,1052.3593286132811,-18.300841979980476,0.9056910705566423,-5455.848359375,-158.39415405273436,-102.50163269042969,934.0890234375,6.848148193359378,-11.493882751464838,-8.729468688964843,-0.5499999999999972,1.7395689392089864,-0.4733563232421858,-6.9672087097168,-25.131012573242188,-13.616211853027345,56.319811706542964,35.063021850585926,-3.2526104736328136,4.893260650634765,24.682012634277342,-18.44615417480469,-19.421278686523436,-169.69947509765626,-44.36361968994141,12.523190612792966,-180.99,-26.603129272460933,33.206840209960944,9.01560089111328,1013.1196948242188,32.94617088317871,27.820883178710943,1.5360668945312455,26.250839767456057,1008.3796948242187,5.750189819335944,12.234880676269533,35.87277954101563,-40.68006103515626,20.527979850769043,25.35439727783202,12.042256774902341,2.5070376586914023,-14584.7,45.34770004272461,-8.40165222167969,5.448386840820319,-35.198417358398444,-157.22051025390624,18.370000000000005,-12.879999999999995,0.27424957275390227,-50.17490127563477,-102.49911071777345,-5.04508880615235,16.376706848144536,-3.1262197875976625,-27.567584228515628,-44.37447448730468,-33.96175231933594,-5.234938507080081,-5.786666564941413,-12.871072387695314,-31.435431518554694,97.69999999999999,-11.689999999999998,-2.600053405761713,33.468630981445315,-20.131210327148438,-328.11999755859375,1.0816716003417994,-7.157357482910157,-11.737766723632802,-97.00153198242188,7.581461334228521,-168.68001342773437,34.33823974609375,-24.029997863769538,-2.5132864379882847,-639.1398120117187,-204.94669921875,-165.17000366210937,-327.86,14.268076477050784,4.381078491210928,9.9520571899414,5.340576171875e-5,-1.3641517639160128,1027.18853515625,-156.06584976196288,20.21415924072265,-9.578590393066406,-19.489718933105465,0.8019407653808628,-4.220438232421877,-18.52882446289061,6.000590820312496,0.8600027465820261
-7.901173706054692,1052.3593286132811,-18.29805725097657,0.39766876220703296,-1612.330048828125,-158.38737915039061,-103.37272644042969,934.0890234375,7.269809570312503,-11.499398803710932,-8.734603271484374,-0.5499999999999972,1.7396185302734395,-0.4725323486328108,-6.5215986633300815,-25.76841796875,-14.0839013671875,35.19855010986328,36.93565673828124,-4.383609085083009,4.238361053466797,25.78204162597656,-2.4516778564453148,-19.425322265625,-169.7443054199219,-13.975670700073243,12.173829193115232,-180.99,-27.314753417968745,31.695380859375007,8.708040924072264,1013.1196948242188,32.944459991455076,40.59709777832032,-0.015088195800785797,26.30283027648926,1008.3796948242187,4.7021322631836,13.09124969482422,35.60636871337891,-46.87770812988282,20.529500007629395,25.828052978515615,12.678800048828123,3.0748324584960898,-14584.7,45.33975021362305,-8.399981384277346,5.964561157226569,-35.194572143554694,-157.22051025390624,18.171559448242192,-12.879999999999995,0.49303009033202727,-49.77256134033203,-81.00110961914064,-5.04093841552735,16.385801086425786,-3.1423178100586,-27.55600280761719,-52.22884460449218,-33.26347198486329,-5.229639892578128,-8.64761322021485,-12.866853332519533,-27.82024291992188,43.658724975585926,-11.689946594238279,-2.600053405761713,33.46229095458985,-19.83233070373535,-328.11999755859375,1.383921508789065,-6.60103729248047,-11.667347412109365,-95.71552124023438,6.776750946044928,-168.68001342773437,34.34372146606445,-24.029997863769538,-3.037776794433597,-516.7655444335937,-203.0416394042969,-165.17000366210937,-327.86,14.229143676757815,4.049321899414053,9.972969360351556,5.340576171875e-5,-1.3632286071777315,1027.18853515625,-156.06587074279784,20.68583129882812,-9.293212890625,-19.500827331542965,0.8734281921386753,-4.348909606933596,-19.179306640624986,4.8598590087890585,4.975801696777339
-6.1283923339843795,1052.3593286132811,-18.295638732910163,0.17622177124023608,-1723.5374462890625,-158.38972900390624,-103.37031555175781,934.0890234375,7.335597839355472,-13.144258117675776,-8.48323760986328,-0.5499999999999972,1.7404806518554707,-0.5100003051757795,-6.524051513671878,-26.10697998046875,-14.866330108642579,55.91510284423828,36.9718048095703,-4.363320617675782,4.672561340332031,24.649618225097655,-19.304293212890627,-20.077711791992186,-168.23963623046876,-14.094149475097657,12.565140838623044,-180.99,-27.31466186523437,33.269889526367194,7.684321136474608,1013.1196948242188,25.19664009094238,39.99760284423829,1.5297573852539017,26.302139816284182,1008.3796948242187,0.2201834106445375,9.207849731445314,34.98420684814454,-51.464103393554694,20.538220405578613,26.45760009765624,12.682362976074216,15.135760803222652,-14584.7,45.03212158203125,-9.079417114257815,1.8435589599609443,-35.08756225585938,-158.81145263671874,18.370000000000005,-12.879999999999995,8.289882202148434,-49.267781524658204,-81.52447082519532,-5.2026205444336,16.388036499023443,-2.3850393676757875,-24.94967193603516,-52.232476196289056,-40.94771423339844,-5.213580017089846,5.148041076660149,-12.870431518554689,-22.499350585937506,64.69999999999999,-2.1899999999999977,-2.600053405761713,31.597918701171878,-20.141050338745117,-328.11999755859375,-0.07714950561523182,-7.260003356933595,-18.436634521484365,-97.08365478515626,-1.772508239746088,-168.68001342773437,34.32147033691406,-24.029997863769538,-2.517696228027347,-698.4163012695312,-211.14680297851564,-165.17000366210937,-327.86,14.215700683593752,15.126470336914053,9.373710937499993,0.0,-1.705651092529294,1027.18853515625,-156.06489036560058,18.739790191650386,-9.306777954101562,-19.50367309570312,0.6083792114257847,6.286248931884764,-19.17860473632811,5.1323504638671835,0.7399771118164011
-6.476040954589848,1052.3593286132811,-18.295638732910163,0.4165515136718767,-5040.528046875,-158.39458129882811,-103.37005615234375,934.0890234375,7.335597839355472,-12.881929016113276,-11.586860046386718,-0.5499999999999972,2.405069580078127,-1.2447491455078108,-6.967498626708988,-25.78013671875,-10.131768188476563,55.90944183349609,37.599993896484364,-4.3273899841308605,4.616279296875,24.66838653564453,-19.300798950195315,-18.90421936035156,-173.0361755371094,-44.37277114868164,11.374928588867185,-179.90000366210938,-27.310114746093745,31.986976318359382,7.160910339355468,1013.1196948242188,27.731060104370115,40.01125183105469,-4.891858215332036,26.301160392761233,1008.3796948242187,5.798056640625006,8.113111724853518,34.98386352539063,-51.41054504394532,20.447620391845703,26.463627319335927,12.683988037109373,14.773250122070309,-14584.7,43.959470672607424,-9.07682312011719,6.669997863769538,-32.29854553222657,-160.53432250976562,17.74844848632813,-12.879999999999995,12.154567260742184,-49.277371673583986,-81.32456161499024,-5.672072448730475,16.387517700195318,-2.909926452636725,-24.94577331542969,-50.66437622070312,-38.37324371337891,-5.217059020996096,5.153732604980462,-13.674600219726564,-26.774252929687506,64.69999999999999,-2.1899999999999977,-2.600053405761713,35.818850708007815,-21.092369079589844,-328.11999755859375,0.29440963745117443,-19.505357055664064,-13.664310913085927,-96.90088500976563,-2.743730163574213,-168.67000366210937,34.327150421142576,-24.029997863769538,-2.064052429199222,-700.5163989257812,-212.96699340820314,-165.17000366210937,-327.86,14.199678955078127,15.034070739746085,6.550049133300774,0.0,-1.702690887451169,1027.18853515625,-156.06852005004882,18.77284072875976,-9.307113647460938,-18.86761047363281,-1.0120393371581997,6.29171920776367,-19.175034179687486,5.453662414550777,0.8600027465820261
-5.557210083007817,1052.3593286132811,-18.292487792968757,0.42323867797851733,-1612.330048828125,-158.39940307617186,-103.37002563476562,934.0890234375,6.665363159179691,-12.852861022949213,-11.72389923095703,-0.5499999999999972,1.1787283325195332,-1.2596035766601545,-6.517150726318363,-26.497223510742188,-10.305039367675782,55.31795013427734,37.599993896484364,-4.324149398803712,3.204929046630859,24.599996643066405,-19.29881530761719,-21.786558837890624,-173.01353149414064,-40.369448547363284,11.379651184082029,-125.54664062500001,-27.30697143554687,32.15608184814454,4.628618927001952,1013.1196948242188,31.514669494628905,40.011076354980474,-5.221081848144536,26.300960121154787,1008.3796948242187,14.006583251953131,13.72490905761719,38.63832061767579,-50.848502807617194,20.486530303955078,25.822918395996084,12.665273132324216,15.152560729980465,-14584.7,42.18137924194336,-9.08726013183594,6.234573059082038,-33.39809387207032,-160.52724243164062,12.801137084960942,-12.879999999999995,11.753383178710934,-49.59235122680664,-81.32028915405274,-5.019202270507819,14.808713684082036,-3.9204931640625063,-25.016741943359378,-123.40956970214843,-21.6061996459961,-5.203078155517581,-4.418029479980476,-13.718209838867189,-32.137396850585944,64.89161987304686,-11.689946594238279,-2.600053405761713,35.868621063232425,-21.779380798339844,-328.11999755859375,0.29622924804687756,-19.756661682128907,-13.677402954101552,-99.1283935546875,-2.7448364257812443,-168.68001342773437,34.545961456298826,-24.029997863769538,-3.0220068359375034,-698.3800463867187,-203.02415283203126,-165.17000366210937,-327.86,14.210810241699221,15.010953674316397,6.550049133300774,5.340576171875e-5,-1.6572883605957003,1027.18853515625,-156.07184074401854,23.61147140502929,-9.021629333496094,-18.86706115722656,-0.5134317016601528,6.293870697021482,-19.164093627929674,5.451037902832027,0.8600027465820261
-5.844662780761723,1052.3593286132811,-18.299262695312507,0.9079188537597673,-5062.22775390625,-158.40135620117186,-103.37002563476562,934.0890234375,6.150226440429691,-12.853341674804682,-11.562049255371093,-0.5499237060546847,0.8797018432617207,-1.2675610351562483,-6.524391021728519,-38.58891357421875,-10.310788116455079,55.31013763427734,37.599993896484364,-4.298650054931642,5.491550140380859,30.37730987548828,-18.46251159667969,-21.795531005859374,-174.55259399414064,-21.17985046386719,11.080880279541013,-179.90000366210938,-27.31081665039062,30.029418640136726,1.484209747314452,1013.1196948242188,20.773328857421873,40.01035919189454,-4.038327331542973,26.300329742431643,1008.3796948242187,17.290000000000006,8.11168884277344,38.635490112304694,-50.85883300781251,20.405030250549316,26.460621337890615,12.635617675781248,15.153651733398434,-14584.7,31.92518035888672,-9.086840515136721,6.669997863769538,-33.38773315429688,-158.86794067382812,9.759106750488286,-12.879999999999995,18.269999999999996,-49.288148193359376,-87.81898071289064,-5.0220632934570375,14.237180480957036,-4.4338980102539125,-24.935992431640628,-151.58730407714842,-21.606008911132818,-5.007109527587893,-7.551391296386726,-16.18696746826172,-29.544013061523444,86.85972900390624,-11.689946594238279,-2.600053405761713,35.89250869750977,-21.950990676879883,-1499.360048828125,0.2890614318847682,-19.75942352294922,-18.874989013671865,-99.16663208007813,-1.8400283813476506,-168.68001342773437,34.33883102416992,-24.029997863769538,-2.498409118652347,-696.26267578125,-205.48298461914064,-165.17000366210937,-327.86,14.237581787109377,15.000379333496085,5.570053405761712,11.337409973144531,-1.641819763183591,1027.18853515625,-156.071890335083,18.74740814208984,-8.736251831054688,-18.86706115722656,-0.989189300537106,6.608968505859373,-19.164337768554674,5.448260803222652,0.8600027465820261
-6.471699829101567,1052.3592065429686,-18.953353576660163,1.1756381225585955,-4958.56076171875,-158.40092895507811,-102.48161315917969,934.0890234375,6.137508239746097,-13.143411254882807,-9.247191772460937,-0.5499999999999972,1.8222105407714864,-1.2795086669921858,-6.705478515625003,-36.38995422363281,-10.305588684082032,55.31653106689453,37.92999572753905,-3.9080097961425793,4.6634213256835935,30.173177795410155,-21.807558593750002,-21.077139587402343,-174.58958129882814,-13.9855908203125,11.05782043457031,-8.990000000000009,-28.030863647460933,29.744079284667976,3.3440806579589832,1013.1196948242188,19.3694287109375,39.99742736816407,-0.3888217163085983,26.30071025848389,1008.3796948242187,17.290000000000006,13.82171081542969,38.919677429199226,-72.3720166015625,17.35947036743164,25.81641815185546,12.05573791503906,15.11386825561523,-14584.7,28.716630859375,-9.080256347656253,5.675559692382819,-33.38959472656251,-158.87181640625,13.05978881835938,-12.879999999999995,18.269999999999996,-48.56929138183594,-87.81830169677735,-5.017813720703131,14.237180480957036,-3.9952764892578188,-25.01613922119141,-151.6094903564453,-85.44859924316407,-5.003958587646487,7.178619689941399,-16.18605194091797,-31.98363403320313,64.69999999999999,-5.5672201538085915,-2.600053405761713,35.892668914794925,-20.465669631958008,-1499.360048828125,0.2896298217773463,-20.01223876953125,-18.87093017578124,-96.64615478515626,-8.849999999999994,-168.68001342773437,34.56403930664062,-24.029997863769538,-2.044330444335941,-685.4313159179687,-200.4547253417969,-165.17000366210937,-327.86,14.236811218261721,14.980687866210928,5.570053405761712,6.8329620361328125,-1.6170509338378878,1027.18853515625,-156.07079933166503,18.764509429931636,-8.741996765136719,-18.862758178710934,-0.4773408508300747,6.607160339355467,-19.168488159179674,5.713267822265621,0.8600027465820261
-6.179249877929692,1052.3592065429686,-18.953628234863288,0.4110697937011736,-453.28,-158.4037060546875,-102.48161315917969,934.0890234375,6.444019165039066,-13.404321289062494,-6.326011047363281,-2.332379150390622,1.8324911499023457,-1.258306579589842,-6.7103804016113315,-34.708817138671876,-10.305218658447266,55.31586730957031,37.92999572753905,-4.177899627685548,5.107150726318359,30.373258666992186,-18.419313964843752,-21.77756378173828,-174.66492919921876,-13.71599090576172,13.144688720703122,-8.990000000000009,-28.025278930664058,27.25527923583985,4.254339904785155,1013.1196948242188,19.643678741455076,39.01015319824219,1.4317578124999955,26.299700317382815,1008.3796948242187,7.590033569335944,7.944708099365236,39.451659851074226,-64.4516064453125,17.303950309753418,25.824940185546865,12.055852355957029,15.115981597900387,-14584.7,26.84913818359375,-9.071497802734378,6.669997863769538,-32.75531738281251,-162.15291381835937,11.259419555664067,-12.879999999999995,18.269999999999996,-47.91040924072266,-93.41693069458009,-4.99809173583985,14.237180480957036,-4.559958496093756,-24.92190093994141,-151.5676202392578,-85.46378173828126,-5.389269714355471,7.531959838867181,-18.59633026123047,-32.07994750976563,37.97343749999999,-2.1899999999999977,-2.600053405761713,35.83201141357422,-20.47977066040039,-10966.34125,0.9784191894531276,-18.848862915039064,-18.449375610351552,-96.64539184570313,-3.2398696899414006,-168.68001342773437,34.58902938842773,-24.029997863769538,-2.4993399047851597,-678.0989794921875,-197.30097778320314,-165.17000366210937,-327.86,14.238947448730471,15.872876892089835,5.600052185058587,5.340576171875e-5,-2.259930419921872,1027.18853515625,-156.06819007873534,20.35687850952148,-8.746170043945312,-19.510180969238277,-0.4722901916503872,6.286691436767576,-19.16481079101561,5.7162127685546835,0.8600027465820261
-14.71622192382813,1052.3592065429686,-34.21224182128907,1.1663302612304705,-1612.330048828125,-158.3940625,-102.52061462402344,934.0890234375,6.08997711181641,-10.349999999999994,-3.195128784179687,-30.549999999999997,1.8311216735839864,-1.2622967529296858,-6.720088806152347,-34.709580078125,-10.30701156616211,55.31647766113281,37.92999572753905,-4.262879638671876,4.4374386596679685,29.96153839111328,-18.41429382324219,-21.818388671875,-173.149609375,-13.71595085144043,6.800469512939451,-8.990000000000009,-27.308695678710933,27.180000000000007,5.668570251464843,1013.1196948242188,19.627538757324217,40.08628692626954,-2.975018615722661,26.31611972808838,1008.3796948242187,4.553229370117194,13.495428314208986,38.88474243164063,-70.19068115234376,20.35068988800049,25.82429931640624,12.637532653808591,15.111339111328121,-14584.7,22.044702453613283,-9.074252014160159,6.247337036132819,-32.20844238281251,-163.84447265625,18.370000000000005,-12.879999999999995,18.269999999999996,-47.879178314208986,-90.3192515563965,-2.4526434326171938,14.237180480957036,-4.5042410278320375,-25.02897186279297,-152.77903076171873,-85.46765747070313,-5.385870819091799,7.421356506347649,-18.605447387695314,-31.795355834960944,61.851275634765614,-2.1899999999999977,-2.600053405761713,34.74695892333985,-20.480560302734375,-10966.34125,-9.231793518066404,-18.85322692871094,-7.57710693359374,-97.90424194335938,-2.321267700195307,-168.68001342773437,34.6095295715332,-24.029997863769538,-3.0177114868164097,-684.4783740234375,-188.683759765625,-165.17000366210937,-327.5061944580078,14.248369750976565,15.884427795410147,5.570053405761712,2.2897415161132812,-2.9258010864257784,1027.18853515625,-156.07523010253905,20.35439132690429,-9.026138305664062,-19.50660278320312,-0.6347695922851528,6.609998474121092,-7.735657348632799,5.98157073974609,0.8600027465820261
-14.71622192382813,1052.3592065429686,-32.589103393554694,1.1573504638671892,-358.2099926757812,-158.39250610351561,-71.33154296875,934.0890234375,6.08997711181641,-9.149140930175776,-3.203978881835937,-19.90755920410156,1.8277494812011739,-1.2730999755859358,-6.724170532226566,-36.38995422363281,-10.30600830078125,55.31374633789062,37.649996948242176,-4.035640029907228,4.43156021118164,26.061040954589842,-18.406084594726565,-21.789000244140624,-173.2256591796875,-13.714360122680665,6.801159973144529,-45.99001525878907,-27.305155639648433,27.180000000000007,12.326739044189452,1013.1196948242188,21.623880462646483,38.9460433959961,-2.2861300659179733,26.31574016571045,1008.3796948242187,-1.846299133300775,12.98491882324219,40.585258178710944,-83.11867492675782,20.40308952331543,25.35439727783202,12.059201660156248,15.112590332031246,-14584.7,21.52247802734375,-9.076022033691409,6.255332641601569,-33.21871154785157,-163.80940795898437,18.370000000000005,-12.879999999999995,26.920600433349605,-47.88184097290039,-93.86518051147462,-2.4426031494140688,14.237180480957036,-4.513022460937506,-24.98214263916016,-152.75388427734373,-58.60823669433594,-5.388209228515628,-5.527152709960944,-15.222970581054689,-31.693121948242194,61.780413818359364,-2.1899999999999977,-2.600053405761713,31.813861083984378,-21.27086067199707,-11221.0531640625,0.8291500854492213,-18.854600219726564,-7.746876220703115,-97.88031616210938,-3.2858825683593693,-168.68001342773437,34.37660034179687,-24.029997863769538,-3.019527282714847,-499.9822802734375,-156.1679821777344,-165.17000366210937,-327.86,14.709116516113284,15.152593383789053,8.1177066040039,5.340576171875e-5,-2.920731353759763,1027.18853515625,-156.07687042236327,20.347780456542964,-9.028976440429688,-19.50422241210937,-0.6255799865722622,6.714319000244139,-17.49671997070311,5.978473205566402,0.8600027465820261
-14.716122741699223,1052.3593286132811,-17.016112976074226,1.1645602416992205,-318.54022338867185,-161.06462524414061,-71.90852355957031,934.0890234375,6.08997711181641,-9.152078247070307,-2.711951599121093,-23.853146362304685,1.830148925781252,-0.8399029541015608,-6.5522383117675815,-31.774689331054688,-10.316540679931641,55.31253326416015,37.599993896484364,-3.2576992797851574,4.429889373779297,26.068090515136717,-20.493746337890627,-21.07823059082031,-173.22340087890626,-13.712910537719727,-1.1975964355468776,-45.990030517578134,-27.318110351562495,27.180000000000007,12.579481811523436,1013.1193896484375,20.181940155029295,39.46275939941407,-4.853741760253911,26.316090164184573,1008.3796948242187,-1.8520822143554625,13.009359588623049,40.87477844238282,-83.6713330078125,19.356419563293457,25.35439727783202,12.745900573730466,14.8379817199707,-14584.7,21.523111267089845,-9.495257263183596,6.271972351074226,-32.59261291503907,-155.90678955078124,20.655339355468755,-12.879999999999995,27.70869018554687,-48.18142059326172,-93.86864044189454,-2.4457006835937563,14.237180480957036,-4.5072622680664125,-24.98214263916016,-148.4522180175781,-62.90996398925782,-5.391051177978518,-5.176063232421882,-15.81190643310547,-23.18753723144532,61.790072631835926,-2.2223410034179665,-2.6001525878906193,34.37528915405274,-20.767820358276367,-11221.0531640625,0.8637684631347682,-18.856087951660157,-7.568470458984365,-97.85028686523438,-3.292710876464838,-168.68001342773437,34.766168670654295,-24.029997863769538,-3.010799255371097,-448.574443359375,-155.58006103515626,-165.17000366210937,-327.86,21.87803894042969,15.169339904785147,8.721977539062493,5.340576171875e-5,-2.6044204711914034,1027.18853515625,-156.07959030151366,20.95646118164062,-10.164108276367188,-18.20942260742187,-0.43111053466796534,6.721578369140623,-17.49682678222655,5.982150573730465,0.8600027465820261
-6.4650927734375045,1052.3593286132811,-17.013160400390632,1.1657809448242205,-321.1517651367187,-159.90852783203124,-73.13618469238281,934.0890234375,6.08997711181641,-9.14519653320312,-2.7347329711914057,-23.85007171630859,1.8270704650878926,-0.8589611816406233,-6.5522383117675815,-36.38995422363281,-10.468808135986329,55.30415618896484,40.0444366455078,1.9758593749999989,4.435680084228515,26.0539990234375,-7.516901550292971,-21.059218139648436,-173.31104736328126,-13.712359313964845,6.503750915527341,-45.990030517578134,-27.318003540039058,27.180000000000007,12.968229980468749,1013.1195727539063,21.61839874267578,40.07404937744141,-3.7014514160156295,26.31594997406006,1008.3796948242187,0.6415396118164125,13.00805877685547,48.18000000000001,-70.83206909179688,20.394410133361816,25.35439727783202,12.770787658691404,14.837268371582027,-14584.7,20.603746337890627,-8.553851013183596,6.568969421386726,-32.05258911132813,-158.16597534179687,20.1288119506836,-12.879999999999995,26.462451477050777,-48.02615859985352,-94.15840866088868,-0.0400076293945375,13.866002807617193,-5.600089111328131,-24.984919738769534,-149.84217163085935,-70.9809783935547,-5.592200164794924,-5.167998962402351,-15.811181640625001,-23.341002502441413,35.13273925781249,-2.5374731445312477,-5.376039123535151,34.73820037841797,-20.77298927307129,-11359.710390625,0.13809097290039318,-18.607430725097657,-7.738224487304677,-97.88953247070313,-8.849999999999994,-168.68001342773437,34.76572998046875,-24.029997863769538,-3.0082510375976597,-446.57633544921873,-155.58006103515626,-165.17000366210937,-327.86,22.558680114746096,15.699743041992178,8.721802062988274,2.2897415161132812,-2.6061294555664034,1027.18853515625,-156.07639930725097,20.95863174438476,-10.141670227050781,-21.95520355224609,-0.4343682861328091,6.6170709228515605,-17.50463928222655,6.304889221191402,5.986932983398432
-3.796071166992192,1052.3593286132811,-17.01223724365235,1.4258898925781267,-316.3822338867187,-159.90852783203124,-71.46441650390625,934.0893286132813,6.211948242187503,-10.349999999999994,-2.7291787719726557,-14.805378723144528,1.8168699645996114,5.821466369628908,-5.097350921630863,-43.38440002441406,-10.973050079345704,55.31070220947265,41.7529327392578,1.8689391326904286,4.436851196289062,25.671903686523436,-8.474680480957034,-21.052847595214843,-171.70982055664064,-13.980790023803712,12.966160888671872,-45.99001525878907,-27.317911987304683,27.180000000000007,12.954149932861327,1013.1195727539063,21.610521392822264,39.456938171386724,-4.863118286132817,26.26363998413086,1008.3793896484375,1.0208731079101625,13.354749908447268,48.18000000000001,-65.05190246582032,20.493989944458008,25.35439727783202,12.802617492675779,14.8307795715332,-14584.7,20.604532165527345,-8.129977111816409,6.567588500976569,-31.43892639160157,-159.7083642578125,20.619008178710942,-12.879999999999995,33.872680206298824,-47.712861328125,-94.16282989501954,-17.86235717773438,14.732106933593755,-4.542502441406256,-24.96470184326172,-151.42910095214842,-73.89996948242188,-5.588278656005862,-5.522506408691413,-16.191529846191408,-22.522368469238288,24.504107666015614,-2.1899999999999977,-5.087739562988276,34.938418579101565,-14.705920219421387,-11361.3187890625,0.14604843139648693,-18.857461242675782,-7.734730224609365,-99.17606201171876,3.641622924804693,-168.68001342773437,34.754701690673826,-23.486228027343756,-2.028003540039066,-441.604716796875,-155.58006103515626,-165.15999389648437,-327.86,22.55973297119141,16.29368377685546,8.727913208007806,3.8875198364257812,-2.599430847167966,1027.1887182617188,-156.07695053100585,20.956369628906245,-7.875572204589844,-28.549960632324215,-1.0998918151855435,6.610898742675779,-17.504868164062486,6.5769305419921835,6.775758972167964
-13.36491119384766,1052.3593286132811,-17.009277038574226,1.4162081909179705,-5090.1501171875,-159.90852783203124,-68.48199462890625,934.0893286132813,6.211948242187503,-10.349999999999994,-2.7514184570312494,-14.797779846191403,1.8209898376464864,5.818437500000002,-5.101051177978519,-53.679215087890626,-14.54055877685547,54.89870727539062,41.770220947265614,0.11480972290038949,4.680808715820312,26.0911083984375,-8.469866333007815,-17.15971252441406,-173.2661865234375,-13.985499267578126,12.6966487121582,-45.99001525878907,-28.037653808593745,28.347419433593757,14.457369537353514,1013.1195727539063,21.11458023071289,40.077238464355474,-5.376942749023442,26.248130378723147,1008.3794506835937,5.990790405273444,7.942911376953127,48.18000000000001,-68.6065594482422,20.48581027984619,25.35439727783202,12.798032226562498,14.069491882324215,-14584.7,20.073701782226564,-8.129977111816409,6.569160156250007,-33.10866516113282,-159.69844604492187,18.370000000000005,-12.879999999999995,34.8196711730957,-47.702500610351564,-94.18226959228517,-33.040000000000006,14.722631225585943,-3.5334997558593813,-24.980418395996097,-152.82265563964842,-38.101652526855474,-5.387118225097659,-23.245170288085944,-15.803163146972658,-22.44621185302735,23.6663848876953,0.11735778808593977,-2.6001525878906193,34.744788360595706,-14.707019805908203,-340.31,0.8994091796875026,-18.60866668701172,-7.480015258789052,-96.65289916992188,2.149366760253912,-168.68001342773437,34.75026138305664,-24.029997863769538,-2.0286062622070347,-444.5229296875,-162.4602185058594,-65.05690551757812,-238.18319641113283,22.037661132812502,16.291509399414053,8.723778076171868,-3.7903594970703125,-2.600701141357419,1027.1899389648438,-156.0799698638916,20.956369628906245,-7.872589111328125,-29.415126342773434,-0.9430810546874966,6.710839996337889,-16.674851074218736,5.9932208251953085,14.169031372070307
